{"cameraMode":{"drawMode":0,"name":"Shaded","section":"Shading Mode"},"sceneLighting":false,"audioPlay":false,"sceneViewState":{"m_AlwaysRefresh":false,"showFog":true,"showSkybox":false,"showFlares":true,"showImageEffects":true,"showParticleSystems":true,"showVisualEffectGraphs":true,"m_FxEnabled":true},"in2DMode":false,"pivot":{"x":0.3002655506134033,"y":0.31664127111434939,"z":0.39717626571655276},"rotation":{"x":0.2144239991903305,"y":-0.2692943811416626,"z":0.06163489446043968,"w":0.9368591904640198},"size":1.4150974750518799,"orthographic":false}