{"cameraMode":{"drawMode":0,"name":"Shaded","section":"Shading Mode"},"sceneLighting":false,"audioPlay":false,"sceneViewState":{"m_AlwaysRefresh":false,"showFog":true,"showSkybox":false,"showFlares":true,"showImageEffects":true,"showParticleSystems":true,"showVisualEffectGraphs":true,"m_FxEnabled":true},"in2DMode":false,"pivot":{"x":0.01948237419128418,"y":0.04677152633666992,"z":-1.5930187702178956},"rotation":{"x":0.23778706789016725,"y":0.5810591578483582,"z":-0.18261182308197022,"w":0.7566245794296265},"size":1.6204833984375,"orthographic":false}