{"cameraMode":{"drawMode":0,"name":"Shaded","section":"Shading Mode"},"sceneLighting":true,"audioPlay":false,"sceneViewState":{"m_AlwaysRefresh":false,"showFog":true,"showSkybox":false,"showFlares":true,"showImageEffects":true,"showParticleSystems":true,"showVisualEffectGraphs":true,"m_FxEnabled":true},"in2DMode":false,"pivot":{"x":0.7411767244338989,"y":0.8023544549942017,"z":0.4203723669052124},"rotation":{"x":0.2110845297574997,"y":0.39011433720588686,"z":-0.09237215667963028,"w":0.891472339630127},"size":1.821908950805664,"orthographic":false}