{"cameraMode":{"drawMode":0,"name":"Shaded","section":"Shading Mode"},"sceneLighting":true,"audioPlay":false,"sceneViewState":{"m_AlwaysRefresh":false,"showFog":true,"showSkybox":false,"showFlares":true,"showImageEffects":true,"showParticleSystems":true,"showVisualEffectGraphs":true,"m_FxEnabled":true},"in2DMode":false,"pivot":{"x":0.6105973720550537,"y":1.1058690547943116,"z":0.26774656772613528},"rotation":{"x":0.16532108187675477,"y":0.6595072746276856,"z":-0.15198653936386109,"w":0.7173701524734497},"size":1.821908950805664,"orthographic":false}