{"cameraMode":{"drawMode":0,"name":"Shaded","section":"Shading Mode"},"sceneLighting":false,"audioPlay":false,"sceneViewState":{"m_AlwaysRefresh":false,"showFog":true,"showSkybox":false,"showFlares":true,"showImageEffects":true,"showParticleSystems":true,"showVisualEffectGraphs":true,"m_FxEnabled":true},"in2DMode":false,"pivot":{"x":0.07309643924236298,"y":0.692017674446106,"z":0.279178261756897},"rotation":{"x":-0.0216816496104002,"y":0.9770186543464661,"z":-0.17324917018413545,"w":-0.12227124720811844},"size":1.3525346517562867,"orthographic":false}